"0,0:0.0,0.0,0.0,0.0,0.0,0.0,0.0,0.0,0.0,0.0,0.0,0.0,0.0,0.0,0.0,0.0,0.0,0.0,0.0,0.0,0.0,0.0,0.0,0.0,0.0,0.0,0.0,0.0,0.0,0.0,0.0,0.0,0.0,0.0,0.0,0.0,0.0,0.0,0.0,0.0,0.0,0.0,0.0,0.0,0.0,0.0,0.0,0.0,0.0,0.0,0.0,0.0,0.0,0.0,0.0,0.0,0.0,0.0,0.0,0.0,0.0,0.0,0.0,0.0,0.0,"
"0,1:-0.27969265553345735,-0.48357776833145283,-0.7490091331340714,-0.7547616030724962,0.323891424842052,-0.8051999722322403,0.4739926349319521,0.7204027695817592,0.14722333547499789,0.5995021957383506,-0.7118906746025151,-0.2131482530461075,0.244904335135975,-0.490385477263213,-0.270362628248608,-0.37840820695760113,-0.319339012835667,0.16035214229328942,-0.04789160731858207,0.6136535715865595,-0.0331831734355898,-0.5086041043894876,-0.024368693390671256,-0.5620625137936099,-0.9042838995061551,0.3207207837363695,-0.7330452019459912,0.03879785531928826,-0.5176412700942138,-0.41871175318657883,-0.1264835607163478,0.8335573592550085,-0.19635536863666547,-0.6732602947891466,0.03313464533412753,0.8031596399522447,-0.25373211700643356,-0.7285064642449466,0.8718916617850654,-0.17531724554783298,-0.03356032477413362,-0.42358552567185037,0.43414467768717335,0.6004527411528998,-0.5957378019616921,-0.7525105405014374,0.8864943580253233,-0.12498863441750124,0.4917138663595686,-0.01829045523043127,-0.6060702699753804,0.6382080313093365,-0.5001515448657392,-0.510376975972485,-0.6527406008302292,0.9062017092474626,0.4539504574620523,-0.6082088594964616,-0.48167075096480705,0.27817428680947826,0.3210305548975656,0.7946426276709933,-0.5625816113068299,-0.39492856933098075,0.7361844453329625,"
"0,2:0.2799893941828684,0.5495945464990712,0.7917047676209519,0.3009798216220838,0.35173118567442097,-0.062298696647338295,0.6150622281706777,-0.3618227979766664,0.5890428684812146,-0.6949595442573278,-0.1903086962122961,0.3807293895453341,0.3296027727494564,-0.3412969586298663,-0.31446599085763793,0.8811468861880973,-0.5428121186772623,-0.6651070772250296,0.3786088630029867,-0.44204409563949953,0.09122502946830545,-0.41152191797970605,-0.025549489684070316,0.0011166486077791998,0.3916549442002495,0.658395382399042,-0.13576695557291174,0.4999103192472537,0.5367303010741304,0.12442429270176365,-0.5879808409294323,0.7289437261795957,0.2761349580532544,0.45923665783383916,-0.20740725724747988,0.8665608536445715,-0.3849224093398695,-0.34747991393471966,0.692847453298381,0.8710918108730179,0.44277761001162896,0.0013623847737000983,-0.12627905077431628,0.44801005795106974,-0.3949718984261338,0.4769762463983931,0.8801783534273335,-0.16079118062545916,-0.1327153696224861,-0.4477670780619831,-0.8082344687036256,0.5402492460911332,-1.3340034744947817,0.6333652122304305,-0.9802325143274977,-0.039427058344962615,-0.7823399895755505,-0.3974101764556268,-0.1589768188784384,-0.8146881930013212,-0.4066587465540934,0.20829057976975454,0.23896418817680679,-1.2205305332865302,-0.8988197274799976,"
"0,3:-0.8302060897366228,0.9614586279145452,-0.4521111493280656,0.12465496562437266,-0.5473407881942742,-0.8874403985564752,-0.274439377019594,-0.10385321115721007,0.4877969097803798,-0.8187285151979391,0.1444691021824241,-0.19038067105307369,-0.46638192406253,0.3689631641695019,0.45731109554788185,-0.06301734094513559,-0.16919057959976813,0.9300738533605579,0.8510656499253488,0.35398506433386423,0.334218986523411,-0.6937285539617286,0.7345317408311294,0.7552372309851239,0.829727660558597,-0.7377595842557101,-0.034407689139256056,-0.45375896202435473,-0.5021270281176953,-0.8542094555284672,-0.4238959434794234,0.7050599551208523,-0.9996184360391227,0.3479941226752774,1.0509516676896378,-0.23846613758474322,0.47065775406412635,-1.1394246638517211,0.2349476443075716,0.5257067612711828,0.8146666683111023,0.7097895201321742,0.7508976450227207,1.0094014081621172,-0.22746030980748067,0.6845478682724615,-0.4397065830426532,-0.08835912828299598,-0.9103777767586057,-0.8844433707070014,-0.19926497778753882,-0.19811815414590636,0.40657343917973443,-0.060242877583955814,0.3633250405324011,0.4247911349029738,0.9835180399101628,-0.519632502925437,-0.02508165242518267,-0.013438425030500963,-0.22685803058552748,0.7373431362729079,-0.7857490985961726,0.6515298386896469,-0.5979871195913296,"
"0,4:-0.37591165327526865,-0.12638730362503092,0.7271238230184238,0.5062986662062792,-0.5382325073669625,-0.6351306578264964,0.8409329233086036,-0.9425537313058063,-0.7354207777070862,-0.48172115838864826,0.9299608688839103,-0.020725234465489992,-0.2961268241863848,0.6746894412435038,-0.07511513403702536,-0.8336730466769049,-0.9899956604430058,0.19834562269911293,-0.4285876552054202,0.682214185809904,0.1603356707460049,-1.1413297559315625,1.0785906952802535,0.28407994840551365,0.8478150223309393,0.279031112511807,-0.5218083383716128,-0.7248015671461823,0.15306864768195702,0.03264025889106392,0.3380578694957812,-0.0078852278926205,0.9119682728185086,0.60837645566721,0.749563831592982,-0.11437588826084405,-0.22785429461334272,-0.7175396514856941,0.19911040206799707,0.08827783730158432,-0.3580572195684901,-0.6844465132222495,-0.4381635501397161,-0.12300462202866039,-0.8721982905029406,-0.5970076475493389,0.9384974768655165,0.7797507345255028,-0.21288432894223996,0.49450968862705547,-0.8082731739213129,-0.12380603403851977,-0.1709246967787513,-0.6050643379687,0.4736596667840276,0.2734576151664351,-0.0739379752853846,-0.382987760256962,0.35916757868347604,0.842289380589843,1.0186559035398473,-0.7824053956435164,-0.3182855236075708,-0.13095657006667083,0.786339494997748,"
"0,5:-0.8708456910023274,-0.9978868684141087,0.3279512788641543,-0.006502986595035683,0.4536390811870137,0.14022439697200775,-0.5145133075276527,-0.7796788539541937,0.14538545101201406,0.2619095900742052,-0.3274726721745894,-0.6452412988382985,-0.10807956051015809,-0.2636904627252241,0.3004077334230958,0.11063831888999114,0.6101290960838333,-0.7302089237428195,-0.3561516578116698,0.752641986658533,0.06640610752230455,0.07466755642878148,0.30513624888352886,-0.11520343159662329,0.9390493907477748,0.4910637938892104,0.5898234663284683,-0.37432334093175124,0.17529454103444914,-1.0549365459451705,-0.13340010165810784,-0.3614731447519559,0.4000300697610297,0.2835416926690595,-0.06311206573997714,0.12202638347285841,-0.927626776287628,-0.25614887554144666,0.9010969364798525,-0.6305653086918526,0.32992751131629516,-0.38520459581714506,0.022366038105909737,1.3223726361352988,0.3606828012616261,-0.3519097418575985,-0.2649852021820547,0.3105093783034911,0.4471609095947586,0.4147770231822234,-0.04018880204579766,0.9299400291103312,-0.43745132235667894,-0.1351800538414786,-0.3844422174797326,-0.9709436490038719,-0.7397981792309956,-0.4596165058470092,0.2903866427710222,-0.8827738712606081,-0.6319559083648822,0.6160522874250325,0.5485457772307052,-0.06738504160034581,-0.041974475169741066,"
"0,6:0.8325210725572114,-0.1366518964743435,0.434997628327201,-0.4660543404969619,0.20204832310215107,-0.3296529152481813,0.1574236662235843,-0.3174131085164478,0.2142329799540137,-0.6613081059124601,0.8751156666205122,-0.22075503017738488,0.0034381825403488053,0.6530070729212523,0.7089960719449298,0.7073831775840476,-0.6095466964726868,-0.18896951859454525,-0.5872472962702213,0.3692782444154239,-0.6872507896903615,0.35363620823511543,1.2423694624196218,0.32016616123605357,-0.014050636465989808,0.12375780294149252,-0.10843626878705369,0.29253662325940466,0.28190310945598784,0.0951187226372098,0.3855888434899054,0.30986620394074477,0.7380146902298905,0.2805675504572216,0.8573737362238327,-0.6637803315157043,-0.3777542636165039,-0.46679435706369143,0.1099890208665383,-0.40620910076615346,0.6364760109785779,0.2233862459909317,0.9459444497640499,0.6845945112001406,-0.8503284191138623,0.5690537739970811,0.1308365143525004,0.3071602584493762,-0.4844240728352367,-0.8002161924172422,0.2883828800862063,-0.6377768978402609,-0.9765947296733133,0.5222735456030041,-0.04210523614443637,0.5230417328006307,0.056293951460157705,-0.7410756008379695,-0.09824648610205822,-0.1598796970726138,0.04100295105048739,-0.7184517470900043,0.10747469237849346,0.14674688830406085,-0.2303312675471898,"
"0,7:0.9171195916014001,0.9604574761760716,0.33090490602574363,-0.04986400966018503,0.18188690003455493,0.19353287744016864,-0.5412474888034251,-0.4923162353407977,-0.48595344515371974,-0.7820593048468367,0.18700657405292587,-0.4302809079627272,-0.3324264507758399,0.6873800666686496,0.3202087501334674,-0.6617210510062332,-0.6413059617189465,0.13629360332660645,0.8419905925265476,-0.18105397089681316,-0.30212480856138835,-0.8624371894398817,-0.5249033891184902,-0.6429493853603714,-0.8799019007186377,-0.17869499780221654,0.7250637691735278,0.012794743508738507,-0.05142882509946369,0.10548039680176026,0.647097305486267,-0.27179728987808205,0.5019305904336728,0.05053242787630574,-0.1491770279089597,-0.05943496836903893,-1.3496336286434987,-0.6117007517950956,-0.022763915447425422,-0.7306887172108607,0.9080024696795597,-0.030048131225658192,0.7563097438055366,-0.4299895387567938,-0.16474970295690816,-0.12327182435946113,0.8103629801114212,-0.6175350901995378,0.8857449587670612,-0.4392511403983841,0.16743288598658213,0.6616281405985583,-0.4561343951042258,0.7132163052968226,0.40453289399708325,0.8083439001789896,0.06673033114449067,0.477813609171009,0.8008217812901766,-0.4323322676199248,0.5529474050356933,0.2821360434705811,0.31734777213214205,0.0038000220580396184,-0.4227043920012057,"
"0,8:0.3575030355915292,0.6871727792219788,0.054422781672349936,-0.5241035722591401,-0.7584853881540556,-1.0386770728848074,0.7855002154304298,-0.5616688031064199,-0.7757683936006396,-0.6858486620107034,-0.1596329528706941,-0.5164512474644243,-0.5761250481498073,-0.255659467369053,0.09619570180108879,0.15929684273807587,-0.9865460384881135,0.9989122641334227,0.47669757828938075,0.3762041192267678,-0.35624941097758933,0.12925242658334085,0.3121802341750466,-0.11447207608005693,-0.0473985003225359,-0.5256991835830118,-0.10515195222313842,0.7639753508059683,-0.12056514634633607,-0.6433053346739386,0.5804986752637173,0.5898941504088155,-0.23846425760693712,0.39679655382191137,-0.5604660825722358,0.09252208123735403,-1.139471472906344,-1.0308231251380597,-0.49753051657125646,-0.6161268248771501,0.35808061125906665,0.9302633348825495,-0.6661075148569799,0.567230111056525,-0.3371522446047803,-0.7374918589689521,0.5460830840078617,0.7651022035452815,-0.8578035821578043,0.06956709488988944,-0.9227197889287706,0.9189002543526852,-0.041745324534980574,0.8886224696577776,0.6718386475596214,-0.3995311239131094,0.46435801494022133,-0.1318753557213901,0.7962895205575529,0.02800786594845847,0.12897350436266883,0.18786631863597356,0.576581714607403,0.49180550655917155,-0.6203007026281702,"
"0,9:0.22744515943633736,0.8315482424202232,-0.8274035495859928,0.1819543730038555,0.06081005573066116,0.41790579936718086,-0.0067522424609842355,0.2034870823305926,0.4547277731596999,-0.7751365819447444,0.6588676295144453,-0.6411522109798777,0.7076469914648371,-0.08032076515225771,0.03332122504209645,-0.5225135170794089,-0.8734227212767887,0.4052724760180606,0.5075296925354904,-0.5488486009166962,-0.43675862106611607,-0.902738788628324,0.48281777324497965,-0.1712195974186949,0.6329000881868825,0.7325641185301479,0.4009675276269795,0.5300928742204112,-0.13211170024082106,-0.5690317737976426,-1.0064752808558755,-0.21339454226559718,0.8550438447165885,0.684831452623629,-0.25170352846641997,1.1228098284677495,-1.102151696761593,-0.11564562521540203,-0.7331312772070453,0.1487673884937224,-0.7317573939743287,-0.11538009391319703,0.40136220530007294,0.9283907583028254,-0.32428136988062306,0.04386752084805036,-0.4584624722913513,0.033197624021149605,-0.9095701784799339,-0.3137679414078207,-0.4232505133597275,1.0373384049411585,-0.49529594803236154,0.7484438371078946,0.4431415412002897,-0.9897856843105837,-0.3525175343319278,0.5507527477340899,0.8588625171092155,-0.9719812628249922,-0.25115058912556393,0.15160345416646004,0.4029779372740132,0.7950497281519529,-0.38104206077055225,"
"1,1:0.0,0.0,0.0,0.0,0.0,0.0,0.0,0.0,0.0,0.0,0.0,0.0,0.0,0.0,0.0,0.0,0.0,0.0,0.0,0.0,0.0,0.0,0.0,0.0,0.0,0.0,0.0,0.0,0.0,0.0,0.0,0.0,0.0,0.0,0.0,0.0,0.0,0.0,0.0,0.0,0.0,0.0,0.0,0.0,0.0,0.0,0.0,0.0,0.0,0.0,0.0,0.0,0.0,0.0,0.0,0.0,0.0,0.0,0.0,0.0,0.0,0.0,0.0,0.0,0.0,"
"1,2:-0.08664414979965684,0.6531385277736272,-0.6863424620135932,0.3952970543880603,-0.10339054396942907,0.3329600020236956,0.544206779940166,0.3163870561614619,0.9234562021132029,0.5504581116771992,-0.8665524011035692,-0.5333695989510483,0.2672529747494318,0.04977382301753952,-1.1027926163524953,0.5201846831331021,0.32226843129317406,0.977814169917745,0.2693285499865732,-0.49463237882683986,0.13882687590758377,0.5333250276879353,-0.3767053230338906,0.07124142397087846,-0.5456642666527978,0.6603021204642596,0.15400225504834475,1.2246670407935472,0.8898498785069138,-0.2834617764220805,-0.1033482500680874,0.3612583779034151,-0.630409203531554,0.7534939368855234,-0.7662542151041916,0.15330671858372807,0.9111049867802354,-0.7804287058913588,0.6496998388125104,-0.28811251524023596,0.7045114449132297,-0.5067414083875263,-0.3944150569993399,-0.6189988999248315,-0.5354468911050471,1.0055073666339358,0.5540378618367692,-0.17325981365679485,0.9149335487690435,-0.35790905063465916,0.28439069921126303,-0.3578827265017701,0.424685576176544,0.2425866511499,-0.24741395631693597,0.018326425397149727,0.15508354646178296,-0.4789876142776539,-0.3865392840462971,-0.10014708800628058,-1.133122325393241,0.3440410409313701,-0.6875037957203021,0.16598726272787637,-0.5466066190641683,"
"1,3:0.9021048337342559,0.338149052833179,-0.8190615585730929,-0.6506946623956529,0.2205936287597135,-0.0196086454737339,0.3788828805809714,0.38166006184472945,-0.36125860054886605,0.020105831702440513,0.4169267255446061,-1.0190117407673822,0.19668574689177928,0.14349638472796533,-0.9799012985067539,0.12011231195932673,-0.9114244080077045,-0.43430985816932166,0.5761316305155564,0.4885209062893938,0.5034939675564749,0.21622336752013355,-0.37006767050984934,0.41494729989270196,-0.5316483019218026,-0.22788189864996689,0.17627853707728836,-0.005944879442666355,0.5497999850531992,-0.3582267240238226,-0.6935763296785682,-0.4231008724127936,0.07959952384699975,-0.5630912563344779,0.6879296971493025,0.7390957747690277,-0.31822494372061505,-0.12968335970163244,0.3151904458667363,0.21340256640123245,0.4882745884618993,0.540190315557797,-0.6312540018815278,0.3126725328149138,0.09074244230201034,0.6013160613717541,-0.4873677210322336,-0.5150864834740295,0.7094079013028014,0.9354294619494428,-0.2673516256167956,0.5584501463238849,0.9199794234922178,0.7295526724470052,0.12056516148733942,-0.13405045054069784,-0.612173399036471,-0.599854309650868,-0.07005881067851093,-0.754660332407612,-1.1663776542609463,-0.9475807264826701,0.6003490795206132,-0.44858741058762064,0.944008231842463,"
"1,4:0.3921736644501508,0.08645994810086277,0.35017308549769455,-0.6892637148373708,0.7920424829750246,-0.44942863148196177,-0.13524384539711332,0.18213185879760982,0.4050360626243179,-0.7421941119871664,-0.17499580349519017,0.18961247591832842,0.4317965864093163,0.4143484381348548,1.1805600934790412,-0.6786124709447114,0.1479889696425296,-0.555269969732789,-0.6144026319634808,0.09735584847159143,0.9627715314391825,1.2883077392121227,-0.45192519530534336,-0.13439291187166713,-0.38769729872427816,-0.8822708345769166,-0.2563318760968733,-0.760175235047549,0.24975722690216587,-0.25468677634830184,-0.09170216882415907,-0.2577211724915121,-0.834659180130976,-0.9810838075208879,0.059436419299835716,0.12698614833553137,0.4883074148567399,-0.7910036068924216,-0.6128547209643519,0.15600856855753528,0.6499990931534916,0.09722753711962362,-0.8269436288444358,-0.131251952648782,-1.1215553372283686,0.638155397494478,0.4712799831017829,-0.5405105929579088,0.7990673779055988,0.8030295774008536,-0.45851572008339003,0.7663321037167927,-0.48943027054151456,-0.5709149906070476,0.16316010661005176,0.6850424992191899,-0.16992302951956773,-0.9558123482599905,-0.9786523792358002,-0.6297511870405548,0.5131377312898038,-0.6281005265840589,-0.01613066313055949,0.547792231504691,0.574195884288119,"
"1,5:0.699658698322994,0.41037763011088124,-0.13406256552765852,0.07966270822964537,-1.167088660261888,0.14229228994570628,0.1275370072422101,-0.5432658060919229,-0.7553284968751885,-0.7700322071542456,0.4461339934186157,-0.8993853297520931,0.7571281467424231,0.6751967183030436,-0.9716206050640408,0.4928224870559148,-0.990444081417118,-0.25057933754158834,0.21902879799080507,-0.12422991710425918,-0.21306989331124254,0.7567857917239862,1.1691771247849383,0.6638255491963974,0.24228412114645415,0.3424460198661594,-0.716723308876833,-0.9814207681369949,0.3809906742602269,0.3022823583715104,0.5758782159458704,-0.5319461101163627,0.8247864469340742,-0.1435278674778655,0.24292248834452626,0.7501127216963255,-0.09049716103238412,0.4741081433891208,-1.0391978167016762,-0.5106642726397508,0.20510372633289142,-0.28066686546994934,-0.2046962371133565,0.1461494607138878,0.24977372162211167,-0.4307799845797329,-0.530070004808213,0.20701178717687913,-0.4645603746527649,0.3178951089070525,-0.24700622753754153,-0.009031299780070567,0.34624967510688376,0.010166025123169888,-0.020734360081013252,0.7169152482417867,-0.03782566661504495,0.013182596319390782,-0.30715320686266856,-0.5705910282066208,0.12103457396578893,-0.23157634101322191,0.19733097401741767,1.4008998626141511,0.8739029711785138,"
"1,6:-0.32943074117819293,0.9712086100041526,-0.8372443288102682,0.454963984778066,-0.35141709178420877,0.08485744030026043,0.08047820992174046,-0.5164390324998507,0.16359393118702115,0.4423546536028571,-0.4679792564217782,0.6352970524711206,-0.7480635977246013,0.7647360157942822,0.7201330084084956,0.4666985415717251,-0.8940344649635292,-0.978782138757035,0.23217599513597253,0.5960895246971691,0.3980394601833943,0.8252889029800817,-0.3841366310131473,0.2439674487994108,0.7983187291086287,0.32546933331497097,-0.789096618586953,-0.7666903250799801,0.2468021750298666,-0.21007527315636979,0.5625294060386805,0.9098819032163983,0.8562832493354016,0.06201399785964945,0.3254241700191054,-1.0632401540168097,0.2736764295156162,-0.3417599194177787,-0.19444307257311,-0.3600835680675563,0.7024290653826792,0.3709636829288505,0.6689698661096086,-0.43113350760725966,0.4084998536813662,-0.012369968160041187,-0.5034351722999686,-0.927996575660375,-0.027350035401168406,0.7981503911521377,0.004457021739683764,-0.2975995552917976,-0.9054401538636636,0.8244696127520359,0.1804783523645891,0.6464921329953108,-0.21045155001355997,-0.06475795806760765,-0.6690711675352508,-0.09480941280061718,0.8144396252547585,0.2819293378066049,-0.6323104987983852,0.48463244027468333,-0.2846164054344158,"
"1,7:0.25652313295802576,0.26832592537808697,-0.1921068062969431,0.6792089697129158,-0.2045129738767573,0.038828468659303894,0.28364549044053455,-0.7728546503084199,-0.7405968323997854,0.12014839259826449,0.5768795018897224,0.1015223747945026,-0.4088018772093902,0.5257075234086128,-0.06155646735280525,0.44631708380594515,0.25171498695841277,-0.014427765644183355,0.3423036069616583,-8.133867153751508E-4,0.5677877048331434,1.058000196913395,-0.6079381357121592,-1.0661109107757463,-0.8671342809878955,-0.6734177194067481,-0.1065861340599359,-0.29623902127679314,0.4916260237226846,0.08921874772408017,0.3508653245101967,-0.7868143171941417,-0.5720975014567842,-0.29631564710355884,0.5451700574753036,0.3707518869137467,0.20165027826654996,-1.168448435647679,-0.9774087710679411,-1.0749317046175682,0.7535562812347536,0.7817587207702907,-0.0017718974699711797,-0.5560352888731706,-0.3487045020319266,0.2311233691274997,0.6692921937594565,0.18807671385430091,0.2273249370346151,0.2076180760127564,-0.5556437849042135,-0.4754243853209055,-0.8735037080820265,1.1132413611074734,-0.012759274562271048,-0.5239281009883461,0.8986598253586486,-0.5391682933289299,0.3593436475429481,-0.7845145930391029,0.6308228648532177,0.07918847661324549,0.4538580554628462,-0.056058395783561366,-0.4666837525396397,"
"1,8:0.2713790496307509,0.9454653484215993,0.381518141889875,0.3068127723196694,0.07812745680290081,-0.6782699349412681,0.5099325607287402,-0.7480673211040716,0.7616947056526269,-0.14043521490200028,-0.21997305320036123,-0.7114379897097115,0.041677631011388064,0.03577267503978775,-0.27882926206448655,-0.6301008970938897,0.7466676637747618,0.038817369875740804,0.5604696368280433,-0.10536301431902259,0.20872716649833306,0.6096089644190891,-0.3730672858914329,0.2175781704519746,0.573156953004966,0.7622370251082695,0.4815165581107703,-0.25162952862247817,0.3420429168478869,-0.3607791747848663,0.18423057492050385,-0.30605827200094415,-0.17941330826179525,-0.6440114505306729,1.0422529913272542,-0.17339617762738124,0.12624072397092614,-0.1500625382789058,0.10827279420022554,0.010684337723135004,-0.8678176793090973,0.11856785895197497,0.6560390208406883,-0.46406205432116565,0.2926789467035231,0.9968234969859577,0.12836343965090677,-0.42212275979691327,0.7224113027108505,0.6439133757103612,-0.7324109331313129,-0.14844432685449127,0.5728365957370574,0.34652862224249426,-0.4061974992612496,-0.6337753624062765,-0.12580967142555083,0.2205100273672962,-0.7581666548235928,-0.17432234268358301,-1.040259855725082,-0.6073380158348944,-0.2516503036234147,0.826985196001119,0.8114214925661289,"
"1,9:-0.5414507061854399,0.35312459911812444,0.052714811985246524,-0.015000127389488537,0.398753499012229,0.09781403806998445,0.1326208387684419,0.5244202071085831,0.7772072856696541,-0.4686484212424804,0.17217958149846793,-1.0949801094726703,0.14286423055391045,-0.5146676444838449,-0.4187640768901326,-0.6002028138717984,0.16410356125901984,-0.1384774924154597,0.26841821109646147,-0.3940572297783833,0.2339091086239852,0.6588981215501081,0.3958685886785396,-0.23564298689540306,0.24500286000653282,0.9933806523090276,-0.6737729973029365,0.43089256111934193,-0.8202462473315482,-0.2342955758216935,-0.7323026741973238,-0.15742424240093295,0.541822950835616,0.867614714708332,-0.6025851076748339,-0.08892215055508168,0.2931483940074169,0.7178624672977796,-0.28177474766964816,-0.028779590469370998,0.34501013271384684,-0.5527736750781225,-0.054625247552754455,0.26831781434952123,0.3695610933158686,-0.19794134192065266,-0.3204960005723563,-0.3193279563485063,0.09834583926814311,-0.243382570324292,-0.9072741104750954,-0.16344638599131595,0.5769729639185914,0.4217127503977265,0.14546057443919358,-0.589483994968736,0.23024595910520818,-0.059040160071187175,0.9530905423776548,0.21990759156103692,-0.944302268485065,0.7181994615372227,0.8253890266500559,-0.21703925512033365,0.6096164578757735,"
"2,2:0.0,0.0,0.0,0.0,0.0,0.0,0.0,0.0,0.0,0.0,0.0,0.0,0.0,0.0,0.0,0.0,0.0,0.0,0.0,0.0,0.0,0.0,0.0,0.0,0.0,0.0,0.0,0.0,0.0,0.0,0.0,0.0,0.0,0.0,0.0,0.0,0.0,0.0,0.0,0.0,0.0,0.0,0.0,0.0,0.0,0.0,0.0,0.0,0.0,0.0,0.0,0.0,0.0,0.0,0.0,0.0,0.0,0.0,0.0,0.0,0.0,0.0,0.0,0.0,0.0,"
"2,3:0.5444091800812971,-0.7519334910576794,0.02685273860599271,-0.8277116739724095,0.5816960166546172,0.12066964330795468,-0.5903510597561997,-0.13367360782332766,-0.16027314075812926,-0.4935414568934864,0.8060553680682438,-0.6704074171286631,-0.2977820064755281,0.5377782319017255,-0.8185783224564689,0.07236230366063907,0.15187083147975566,-0.8451687994534742,0.395452584780684,0.9110214198881754,-0.33259334779464367,-0.6293518584507537,-0.0013995787342248323,-0.6782748122440045,-0.6358807129008701,0.9044453431134134,-0.3618718238541263,-0.690909222516733,-0.38237090602789114,-0.592553120863931,-0.20465291415469472,0.04513359323244211,-0.6287113173888581,-0.8763590342035372,-0.24145153347582138,-0.4796990882744936,0.5429549258909432,-0.9431693265873704,0.38766632110522337,-0.6064055804558519,0.5006091636568424,-0.4892711908724543,-0.5932789426458738,0.002415087906373136,1.2565711181092185,0.8887389171970468,-0.5853883147096083,0.30090501288983895,-0.9931803024730983,0.852453286945106,-0.33616082615515874,0.5681999083152185,0.6091978510681835,0.6267911107344961,-0.8477415697410282,-0.37885218500330553,-0.4879546712184699,0.1570890880731599,0.6869736312752739,-0.05230982890917342,-0.1349319619116876,0.6213487877031334,-0.021994637373083922,0.12924085264336252,-0.07098072305218228,"
"2,4:0.9492342947584316,0.9023752460482106,-0.27095907395892804,-0.1279674096213631,1.0263054194465824,-0.5592316286798873,0.3886066183299388,0.9762123941060441,-0.9706379067010507,0.3729499280511954,-0.5199714634942496,0.3523542738324642,0.3846656017312209,0.8006279810208898,-0.401978606686171,0.9794317923713389,0.44519381539909086,0.7774695327920977,0.5442638452880819,0.48875253758528303,0.2939774583814492,0.8094936560740329,0.04170787634372142,-0.6495475147144123,-0.9660442119842434,-0.08691999049312593,0.07017977527060024,-1.4017381492271486,0.2786798194109028,-0.23765294957374505,0.2847330650024813,-0.5447568770309281,-0.745417403879788,0.20467038564325835,-1.2531441780090007,-0.1915341768428565,-0.6235732480028748,-0.6873732655508276,-0.5362248678403156,-0.02765073728461996,0.6409288338089194,-0.8353356525646551,-0.5272580672935789,0.5606700483894971,-0.32454743346040327,0.1913175329928821,-0.8346799625494505,-0.32800374674312205,0.6510523505192589,0.7647972268159027,-0.6146557856794039,-0.30942400971786777,-0.14996103282220152,0.6173059177354283,-0.3626480707936206,-0.61552558557494,-0.7763685894898371,0.9214408845382807,0.433935277626708,0.3490177630726071,-0.27685254589195907,-0.2854352479119804,1.224598955921771,0.31836893315977155,0.7065778931950515,"
"2,5:-0.791961191983575,0.8173514367229742,-0.6646742497210436,-0.26472092079058385,0.43372950227355145,-0.8726026047056992,-0.9468030957281126,-0.26509076439083823,0.824214256481576,-0.6710609206845111,-0.34212199584076,-0.5413754419905241,0.2656289297162222,-0.6197638777467063,0.7750141902331731,-0.3910578762328356,-0.12888630254164357,-0.10128690268241569,-0.9355971511673917,-0.1924333542151065,-0.3176682325878111,0.992044696542407,-0.08244560571253508,0.33186939739678034,-0.6874520947771721,0.11079003618695626,0.4425952234998669,0.09659752750797619,-0.82472693402869,-0.0717132216517385,-0.29253715532568214,0.3057835175310022,-0.6665063344002042,0.5661576454157564,0.6576084453847746,-0.3592860211995258,0.7180218759126922,-0.23707821998917855,0.42418739252092963,0.39120900021778793,0.5475182044422042,-0.011155840832848485,0.6769850166188327,0.13935243665794098,0.9452529237239644,0.8522973414762545,-1.0469107658821173,0.3172056906148697,0.8726890308301611,-0.4644505187881318,0.7395881099873145,-0.7150734864113273,0.7794851552610529,-0.17696531183820396,0.6663358730588906,0.9211063685133156,-0.5644684641501496,0.18080051537345954,-0.8689035810138637,0.6970297644827408,-0.6748507473445791,0.49996989102702294,0.4421387922101645,0.31495003801684474,-0.5994029471089675,"
"2,6:-0.38230612638174444,0.6966253333106665,0.701365837523789,0.2795467747881232,0.5602132812361493,-0.5791016764813843,0.31567458613562926,-0.3007963243800904,-0.4977124675535187,0.6910363652668532,0.694468624744009,-0.4717367787872637,-0.8506107505557852,0.6228183601303123,-0.17786958365867553,-0.30708756474207344,0.7077047144239863,-0.4505025246986194,-0.6607248455174146,0.454598101720189,0.24211965066724986,1.2895532647179588,1.2679777434642552,-0.12469843454304336,0.08201208705171137,0.2428571013097458,0.44061331980737606,0.006573640875307631,-1.0391875065736738,-0.2535507242378934,1.0315306013921461,-0.6423994227670624,-0.45606526375152834,0.5283940779829697,-0.9923326509271106,-0.6309145469621726,0.5428189404104824,-0.25005650415823477,-1.0483907186241603,-0.0022521889784436026,0.17847088581269333,-0.2974940918748732,-0.753517081040765,-0.5752429294825709,-0.01597897049467349,-0.2413176386522322,0.010464148093256596,-0.6075669755947201,0.8184681495864261,0.5198980639407229,-0.698424602689609,-0.004938712153464059,0.3669125016823831,-0.5010775458428536,0.5968334006432396,0.16968768419752817,-0.8797755185976339,-0.948162906851503,-0.8202974352264965,0.4132703985355066,0.26323518929946466,0.012775986815535278,0.42019675704505377,-0.5244141225610464,-0.6608241371430466,"
"2,7:0.314029000926614,0.15086531745872245,-0.05520187661880586,-0.18476618675687245,0.037863538643811034,-0.07071155102095077,-0.3073818327350817,-0.9182665083410775,-0.8073130508554711,0.7755980721503148,-0.03550423137049218,0.5275911507251818,-0.8010635809805382,-0.7000689863940561,-0.23269971998098496,0.18933294273004908,-0.5946508372587969,0.6336118547479235,0.5084646531037185,-0.1918933245159498,0.13603145876630224,-0.2647468053055814,0.4465802459727355,-0.15924233752388475,-0.4189891686147893,0.11085246402096427,-0.5400518676393065,0.48718061730178386,0.4417204419902785,-0.23864603856487013,-0.7613944328982436,-0.6752008061009687,-0.45586813514810665,-0.34596383018561405,0.8248646182368709,-0.7458338001391707,-0.041983482641037406,0.5574753462232247,-0.2465868746918875,-0.6466827172703142,-0.7209171253572084,0.21972532288762614,0.21454532417750496,-0.0853472063871123,-0.756499111052751,-0.5062532792649322,0.0571048499513581,-0.6012385573114154,0.6255925664858548,0.9090066782516959,-0.030761969597128562,-0.1612581066822248,0.7472310974667431,1.1775626900406244,0.843070949107164,-0.03978285504498025,0.9017582158870787,0.20683449626183958,-0.8940595050031654,0.720379029453666,0.571994445321083,-0.14434282062627393,0.869823410492051,1.1800389699110523,-0.1148176929360496,"
"2,8:0.19110162566205546,-0.23187506091809018,0.4398035976624233,0.36746863626390824,-0.3570632871344668,0.11900257485051965,0.03313288786324253,0.17679767798359958,0.8165002007052502,0.9729171576604252,0.03917973033255082,0.04785185689837045,0.3231345200902589,0.18911902580728035,0.30695094558156955,-0.8000564783208617,0.5222350224348584,-0.7367082114059598,0.28946976234981814,-0.06347454142033009,-0.3296512769517922,-0.14340680335052616,-0.7037400855891314,-0.050745011101560704,-0.11534795398675124,0.5788468591675504,-0.7393860037366311,-0.5896890247788077,-0.9454732688264793,-0.41834462982471443,-0.49325304672319725,0.6759286677530316,-0.9961557157764771,0.740720021877749,-0.528921845015417,-0.19011534953311454,-0.5580415735605734,-0.5413312746064287,0.2875249301264713,0.01592658111323366,0.3972979215590602,0.36820880913172793,-0.7511682942741269,0.4929117610734197,0.4418405492704398,0.14243743665863706,-0.5774006922637387,0.7376811115276503,-0.6363591254783914,0.26265745260584183,0.4118193522675119,-0.3695372672269599,0.39797506104941627,0.22606288135616295,0.3173597887699966,0.32386359872128967,0.36755613060627645,-0.1518271199282204,-0.8660119701065125,0.17527454245470311,0.38666364060916303,0.417909946823227,-0.04584153789277165,1.0077785575144234,0.4489232191813175,"
"2,9:-0.12526784768109445,0.8689323110320883,0.9704187621844822,0.26186101599070183,-0.23675355208504126,0.5210378986444606,-0.48705321724291395,-0.7267507622297718,0.7332442659036975,0.24522039202944157,-0.7010600375797544,-0.04935036841540896,0.4901176906042515,-0.40032943393987375,0.39043903580160766,-0.15754758558497814,0.8961283906403501,-0.8645371014605445,-0.5129742445642111,-1.0719020205916183,-0.5749809112810715,-0.5434267955388092,-1.2274764059907768,0.6630610452385106,-0.42102881555869076,0.5651880955687023,-0.8127279378010193,0.12856537775867338,0.003928943708611667,-0.206342303685013,-1.166810597483358,-0.9131101806910151,-0.8691742240375575,0.1775844730609908,-0.1633949821704601,0.532515451485035,0.30026401142361747,-0.4778183893518415,0.3961079458458534,-0.6387441218132031,0.6087148341441999,-0.3558254834224195,0.713423441607723,-0.3580990965908386,0.8013209045712804,1.0581605360615884,-0.8974038700739932,0.6737978888549445,0.5939002405976614,0.6734814237193318,-0.2074774434973603,0.473181995049308,1.3467645988263657,0.8293048610025693,0.4641424129421373,-0.42104001432515803,0.047481918037273516,0.7397513986550126,0.49636325672049963,0.14104160929544157,0.19872803003413517,-0.0044565116278954195,0.10005905672485813,0.7752030405055015,-0.3251119524128874,"
"3,3:0.0,0.0,0.0,0.0,0.0,0.0,0.0,0.0,0.0,0.0,0.0,0.0,0.0,0.0,0.0,0.0,0.0,0.0,0.0,0.0,0.0,0.0,0.0,0.0,0.0,0.0,0.0,0.0,0.0,0.0,0.0,0.0,0.0,0.0,0.0,0.0,0.0,0.0,0.0,0.0,0.0,0.0,0.0,0.0,0.0,0.0,0.0,0.0,0.0,0.0,0.0,0.0,0.0,0.0,0.0,0.0,0.0,0.0,0.0,0.0,0.0,0.0,0.0,0.0,0.0,"
"3,4:0.21379464140771898,0.17124815958447526,-0.020141357357120103,0.5610839461745796,0.013197008798154053,0.3048229308108904,1.100006234214413,-0.06118030990152782,-0.9699939003582922,-0.7870325561545353,0.7200032701821224,-0.05254752001425312,-0.7191375230739914,0.053667040533977334,-0.4222788944037239,-0.10378817921180328,-0.40436978281131153,-0.4535229332589008,-0.4199846905879918,-0.6344934255098276,-0.2669267759725712,-0.6190140585670605,0.24934052938722484,0.9207734496088464,-0.7696690592290316,-0.9798284576615794,-0.9402705206063668,0.019137430921299756,-0.61020508749341,0.8141166003888212,0.12524541033832318,-0.7653305225899496,-0.7318701070428497,0.3033140075880225,0.3454091240388746,-0.46595686052597884,-0.5141785108781196,0.6550582681092403,-0.4200088572953944,-0.30509344202921745,-0.2582245221749442,-0.410813928450537,-0.7660487129198776,-0.9416974121295703,0.6001327044375888,-0.5193071511339287,0.8581971138517646,0.8919854818514621,-0.07839532002183103,0.8065197420820704,0.823225646288219,0.2834970780080077,0.21527624437692788,-0.5819308616105141,0.6086004817729008,0.41238293329090303,-0.2930390358598045,-0.3922257020100206,-0.6943903270554304,0.9939424460359192,0.25083693115196354,0.395312847958159,-0.41266164541638894,0.012424525149402134,-0.1657697107062226,"
"3,5:-0.25317976299725364,-0.29021743116209864,-0.3684059583791728,-0.41494504834286516,0.37272502562944176,0.5295192590611364,-1.0068878431619088,0.6515573779892572,-0.8114072049486509,-0.49215951909791045,0.3381868700095845,0.08665612194490148,0.41663167181781136,0.04214768356913073,0.7594679131602227,0.31830578960913436,-0.22672186420359908,0.6227956500736571,0.2961738635978244,-0.16904306436826103,-0.23545327196826152,1.1274633423929956,0.45195693805690307,-0.7546770005590517,0.26959388630451575,-0.28647831843902405,-0.19397575611490303,-0.8076940405596122,-0.24178913655175796,-0.45224196214349544,0.19555220153753228,-0.2679258335453143,-0.06427304608311935,0.08020757820262081,-0.9605551041779121,-0.06107500572117083,-0.2889307932892484,0.9187328252271163,0.11000310204912951,0.6567063429804172,-0.22150870141622336,0.13938327544986673,0.18808708795960322,-0.7297879133974647,0.570749330042464,-0.5275427906087202,0.42087068845435704,-0.4708942488002008,0.9712675973313001,-0.21442123169218608,-0.6686990909381121,0.20456901869892785,-0.6428963685613942,-0.13700604252435783,-0.3071078557729936,0.21701096743192527,0.9132878774653772,0.4146796730782629,0.2005002463322778,-0.3821845628536087,-0.33762315911549456,0.461750913668761,0.167236856098749,-0.10275600162276377,-0.459172631896285,"
"3,6:0.9000412695353375,0.43170048219866564,-0.09374720057026065,0.9100624238338562,-0.7503767932958738,-0.02578372236774644,0.8161223138173777,-0.815134053713803,0.3104244177199458,0.7757915708940011,-0.03156022357615153,0.8670099638997464,-0.5190119143747052,-0.3029890916677387,-8.862545710861605E-4,-0.39021820021659726,0.6588146946294973,0.7201090145060143,-0.15625742615059174,-0.8286540282105146,-0.6473857903279946,0.1719758984151488,-0.18620266889004694,0.4416400851851101,-0.5288121083307726,0.3488649974000335,-0.06627820448865085,-0.4252294846398095,0.5505491925300057,0.22908852534277216,0.5121919995764272,0.012638413626914683,0.4642848125657959,0.5720028096366911,-0.31158126972139183,-0.7122073308308744,-0.2319532947571778,0.15809966318871785,0.3925164279468214,-0.47972753572253035,-0.8785432606286714,0.7540361477361373,-0.23039607758783096,-0.07953343255185012,-0.526403583512442,0.6159519097974728,0.5204413561244836,0.201783513240994,0.453644908589919,-0.9455635616882823,0.9010496107990194,-0.4808088368156014,0.18811862585591563,0.49902689513599485,0.14389824203928261,0.1564508352708469,0.7385565422464939,-0.6688693777090813,0.06188950764656641,0.19813587956789463,0.6303867943367216,-0.21821620495173769,-0.21849438393645265,0.1862912278848125,-0.434900848296506,"
"3,7:0.950671666078031,0.3511278747241855,-0.7381452054477711,0.4997399617516023,-0.6326472787983093,0.4286764673210872,0.5357285407720884,0.36013656801609994,0.3166444906960715,-0.9346395710667152,0.5076517981087467,0.6471476741948035,0.2976436852326585,-0.3405316668713847,-0.5212049422487324,-0.30337133004880035,-0.07613034023177809,0.9257696760424965,0.8482590201936606,-0.8063100970328818,-0.1354644023584316,0.30423952859650216,-0.045572251720243255,0.03221717567605571,-0.6160324677225144,0.9624572788751791,0.7473917587700809,-0.6844853176369547,-0.3842935684216464,0.6951732919363112,-0.4375780042668528,-0.8066795323803253,0.8878452358659814,-0.5378242243362181,0.2907411181196127,-0.6496643055185966,-0.7553327015646671,-1.0082674178525353,0.33460449325163033,-0.3662004070045826,0.318668853688191,0.6195220909454819,-0.009031683057589933,-0.6614677249012136,0.026563726056690457,0.4021081241943598,0.3257890319590647,0.87125821577275,-0.14311617867048954,0.7756556464519624,0.38526218940472146,0.21991464992136164,-0.9166946781404501,0.24872212542189642,0.6650765296250758,0.5660384390692648,0.06284504763591126,0.6586033504549722,-0.1379774875705302,0.995216621934663,0.19558769282121646,0.4718499751986736,-0.12393761617412846,-0.4020239662899092,-0.32537927545846035,"
"3,8:0.543213870689182,0.34123215760385905,-0.24462173415285293,0.7573680579472979,0.09742293268110677,0.6765137940751775,0.18397641078053395,0.10053075859477356,-0.2791760389477038,0.15907982183104274,-0.21831877712382064,-0.31964254340020704,-0.748926317445956,0.6240789597892289,0.5294745907970009,-0.6300166726664327,0.2566990832911622,0.7813967076288741,0.2737989879594528,-0.6159076854967949,0.22448774873996996,0.7265912008885897,-0.2251582856838881,0.3001719386232402,-0.662688861422678,-0.8615313759192886,0.026824767739350084,-1.2088525487560875,-0.3038771305501977,0.3955303698367275,-0.10620027761952142,-0.689804889700451,-0.710484643534351,0.7797871624633594,-0.7856605942886294,-0.1489468430296093,-0.8476407509384498,-0.70279615804111,0.032908018219758015,-0.7998385196361253,0.4616892902499694,0.6693012834466723,-0.23741824083095775,-0.7775209371405447,-0.8748571352943364,0.23220976576560573,0.1351833958787511,0.43284277799774395,-0.895103869877919,0.5457326867678347,-0.031215871355429317,-0.6447532971007686,0.050184549328232374,0.5957450538394431,0.8649166746621235,0.6634372123237843,0.5321350000260077,0.3245173284549676,-0.41926468180726517,-0.5982657484867839,0.9777769248027335,-0.26267933810110367,-0.021252421612739904,-0.366994424930124,0.4677406731313194,"
"3,9:-0.48406513792116934,0.8406337633045122,0.8472349024424874,-0.02770757159785355,-0.0035534975124069806,1.0080616410615404,-0.20085725182594774,0.01299493968368325,-0.8600103046893883,0.012292932268916033,0.7528319412767466,-0.4615758067222693,-0.4911513547891848,-0.20022987336742398,-0.40455280439102737,0.7640129413249845,-0.8753949342644536,-0.9712380108875163,0.3743531244406455,-0.39976731647041486,0.3517811946710028,0.08253690834047943,-0.8926494506817639,0.2119657668680262,0.6436931268457815,0.05742414745232205,-0.1910334621424068,-1.5749393955254964,-0.4570045764815559,0.7635135486404367,-1.4521297589276099,0.513703085554146,-0.6843360766228155,-0.6163654439972601,0.7429802947777435,0.27637828834167566,0.2599286858792551,1.1046462123002712,0.09284742424734686,-0.3691629021224012,-0.06506510909215724,0.9939612626584544,0.6724094529864182,-0.006377640876204505,0.7656754352571193,-0.2343839738296967,0.7172329436179707,0.8633513266852975,-0.5109960772042714,0.3840909935862802,0.597871244280963,0.33108995131994945,-0.46769693411400737,0.16247560925935967,0.21398301602426684,-0.09020365180036773,0.03164857814643085,-0.3975377041295145,-0.7966273032131308,0.6499514204082923,0.25607488672906686,-0.06495495935687105,-0.7068712341890786,0.5641344508533574,-0.5631863158731174,"
"4,4:0.0,0.0,0.0,0.0,0.0,0.0,0.0,0.0,0.0,0.0,0.0,0.0,0.0,0.0,0.0,0.0,0.0,0.0,0.0,0.0,0.0,0.0,0.0,0.0,0.0,0.0,0.0,0.0,0.0,0.0,0.0,0.0,0.0,0.0,0.0,0.0,0.0,0.0,0.0,0.0,0.0,0.0,0.0,0.0,0.0,0.0,0.0,0.0,0.0,0.0,0.0,0.0,0.0,0.0,0.0,0.0,0.0,0.0,0.0,0.0,0.0,0.0,0.0,0.0,0.0,"
"4,5:-0.9253109234552519,0.3245517877046411,0.5274431194302953,0.3891430812116672,-0.5498718738064379,0.5325800709035597,-0.6687032032007816,0.19974983181017986,0.28783638620131957,-0.6960646423079464,-0.8186959413069019,-0.46772658945960466,-0.008386442141125112,-1.0057718534554512,-0.3464854177550043,0.6619654808034228,-0.23838859449547622,0.44077634008359645,0.4575175014311055,-0.6648348455538688,1.0365212453375467,-0.1370922155123037,0.8234873989476019,0.48655488872160424,-0.5324681446717696,0.19703218014607504,0.11742147634612998,0.8309280323020523,-0.6999414520136606,0.07178300412242612,0.5264507847552367,-0.18753525532774348,-0.7508653750683489,-0.8669522126662867,-0.023750725231619446,-0.31672131051656116,0.5367467315092058,-0.11628250473721921,0.5612057333975542,-0.3397384410988942,-0.8717133548219886,0.8365047616312751,-0.6028366379853574,1.0130198181237733,0.9946821537496928,0.4161935047636902,-0.5898271780349007,-0.5180375357539755,0.1346611737394683,0.42620004323345406,0.39684533530786603,-0.8356362628253147,0.2239929958720324,0.43534065100799846,0.18253296631875557,-0.19250752007266425,0.7594413255777344,-0.2677842882521124,0.6287033759800726,-0.3103369312094252,-0.45744468690337625,-0.4953623819278907,-0.34348222420516006,0.9363296863277006,0.4603137325217186,"
"4,6:0.7820432778851416,-0.7302392329040446,-0.17488848686280756,-0.30597001876567465,0.2938495398170806,-0.5490883186406412,-0.6190985045999062,0.33681465696995594,-0.4737755826595631,-0.3307123754263481,-0.3200233715118792,-0.5967162083553905,0.01776278891666144,-1.7120632409552486E-4,-0.29170517863723333,-0.5729084521527261,0.7990709980921462,0.19323799732975666,0.35792721637707764,0.32625652418174766,0.8902805324120573,-0.10117394570690316,0.8808416226861666,-0.26285854512737084,-0.7799737534862945,-0.13944451709714678,0.03701821704778618,0.14733693782969415,0.6794406346944653,-0.23358339500848005,0.5781434395945763,-0.43640992097089404,-0.3887694259237793,0.9574091117512764,0.5668951636263693,-0.5386898506602458,0.6269195526272375,-0.3429556426492195,0.3390964129886058,0.5610731286127535,-0.4491464624906183,0.6574228403944815,0.8057809065429156,-0.721061390585179,0.17758355038896315,0.26358340445457196,0.21048030470316875,-0.5067174780451292,0.02975532008751847,0.8339602128786385,-0.952193030448435,0.19723954908562014,-0.33734961298898347,0.8714242849744931,-0.7753268906847952,-0.09125932918365551,-0.2609605397718504,-0.20147218614211293,-0.7027477362230854,-0.7944789984853984,-0.41197581000115524,-0.2937906144551651,-0.5469457441248581,-1.0436359108523807,0.40405981273850333,"
"4,7:0.08535867044051981,-0.18974852356738658,0.1702393463787364,0.055365162993266284,-1.1327193311391797,-0.044341190659778984,0.1878801721605247,-0.9395556817364472,0.8482393303996578,-0.09946424366817808,-0.16625947322965445,-0.10654242898203983,-0.7390985379304482,-1.0683548216546404,-0.8998412966700828,-0.5723027003276566,0.7896424444499401,0.9317679383295918,0.8379475132381771,0.22743769597287963,1.143315507787299,-0.33686121620683673,0.16652081668426252,-0.7120557532558569,-0.7337724181880105,0.3830351225319404,0.47405665664618146,1.2734450718093382,0.5157049676089112,0.015014030985977929,-0.023911671991193546,-0.22462030969589378,0.47877241969056183,0.21606107392909668,0.7293052511524671,0.3802587963546302,0.13711077415808276,-0.46282243867774997,0.6922352831519354,-0.4280174108940218,-0.46540244257121266,-0.7432993228575988,0.41787287448007493,-0.0625182923187193,-0.15062275493834357,0.9619147835533683,-0.36279528843582276,1.0330601435359164,-0.061453365971593454,-0.17872083473792122,-0.7190208006889165,-0.23416507765663888,-0.025816524271801523,-0.3851377119057777,0.39795283559180405,-0.7118164197335581,0.3885847762809955,-0.7136613892148902,-0.4627596487626362,-8.746703401110098E-4,0.44422436308719404,-0.12383079763389265,0.3802834703347504,0.20307799912633717,0.97007760754305,"
"4,8:-0.057645885491647286,-0.20765341839469342,0.36344831585031767,-0.359396565557639,-0.5455912653404653,-0.5016652397173329,-0.9559714104808787,-0.6091864387221457,0.507982344298916,0.5771240012400898,-0.012811553687424941,-0.4335000091312551,0.29380411188498834,0.414481032242316,-0.4316336343616396,0.3408317144958475,0.3014045466725521,-0.9669577059793808,0.6413804543544859,0.23717335025470138,0.19332966696087023,-0.21528771670083852,-0.35340500234444683,-0.15088212968474876,-0.33667306357819293,0.7242312904011678,0.045992921942311873,0.07236662491261103,-0.41174894231074166,0.11855365119267457,0.35372217125090555,0.48723129848976554,0.9242009001490843,0.8550689307984514,0.1496976415271806,0.579171671470032,0.6926659242116786,-0.2814127184599102,-0.016642634412874946,0.3279245800030358,-0.9637747516058957,-0.11159699279815638,-0.47731350682982354,-0.07058028077346337,0.621608504959526,0.42663940122412225,0.5821386327303519,0.816819247698759,0.2786933843445931,-0.7665309211849765,0.9280990197419543,-0.728342458550244,-0.30072016888428754,-0.2423050025217739,-0.8279487628061535,-0.12680064387825077,-0.2727525996977389,-0.5114327667911807,0.9856224301095269,-0.10822586226812572,0.3779666171708289,0.41060221163032184,-0.6897998425367429,0.0999859854632106,0.7836023126196141,"
"4,9:-0.06043977709601234,-0.3211726230011458,-0.7996614481606787,0.5142111381426562,0.33862969640476615,-0.6284005577104657,0.06095479788438359,0.02830216315759751,0.4072552167300254,0.927801343754018,0.1147128246014234,-0.533205608521562,-0.5410613565878626,-0.21545977010676753,-0.6547409002311543,-0.19292902553780772,-0.2652679613945459,-0.2873577136729679,0.14000104899747237,-0.17290458464595582,0.8260326552208033,0.37210085499992673,0.36332143714845877,0.03532101686686783,0.3776800883821929,0.06337557171312791,0.20889854188913193,0.5683892551045306,-0.263752727052023,-0.36663907364369863,-0.4258446715129318,0.953380733969077,-0.9591936147342133,0.971855622369189,1.160502561493635,-0.17935475749383223,0.5623425274793166,0.6198816224548951,-0.3118191673808093,0.9630048591935005,-0.48862210297041786,-0.45478393221060953,0.7341475866668978,-0.47061044514059813,0.4632601613420072,0.35901580175060444,-0.274404905908198,-0.38027073639467024,0.1229594779475256,-0.8415702617300822,0.5783272576442553,-0.15280671354085396,-0.07989151299097427,-0.14439103189712815,-0.30363836178773107,-0.5803669770171969,0.002411308820579716,-0.8884581897015058,-0.6172337523723179,-1.0216509095689659,-0.3525625921719624,-0.2883451185582517,0.19187969216098053,-0.6929295321702922,0.8612069683063344,"
"5,5:0.0,0.0,0.0,0.0,0.0,0.0,0.0,0.0,0.0,0.0,0.0,0.0,0.0,0.0,0.0,0.0,0.0,0.0,0.0,0.0,0.0,0.0,0.0,0.0,0.0,0.0,0.0,0.0,0.0,0.0,0.0,0.0,0.0,0.0,0.0,0.0,0.0,0.0,0.0,0.0,0.0,0.0,0.0,0.0,0.0,0.0,0.0,0.0,0.0,0.0,0.0,0.0,0.0,0.0,0.0,0.0,0.0,0.0,0.0,0.0,0.0,0.0,0.0,0.0,0.0,"
"5,6:0.47513819855981665,-0.7722965950920171,0.6012986815024748,-0.00913434161820683,-0.1345325644629452,-0.17960247201084767,0.839934854970874,-0.135864224392935,-0.4683882559665906,0.29844986704449394,0.30337421298366113,0.7801235802350173,-0.18806804788110676,-0.34576941768029434,0.15501757180077927,-0.2135488553265692,0.8717889041225986,0.8472836507035524,0.38641514797511767,0.37057296833401776,-0.39660229305617156,0.7068483634728646,0.4420237518690848,-0.9414720805731951,0.03647909195977106,0.010744046149240294,0.21982383179203174,0.6002672295081997,0.2427748221538329,-0.23410827960176175,0.3708083469836505,0.35309083248878537,-0.9594903758536419,0.8103876329120521,-0.14437788422114622,-0.7663860901196495,-0.1616021975416887,0.37618336654792783,-0.39160615256075215,-0.2759231069918968,-0.16319168023542252,-0.7569312163070099,0.24607127092893566,-0.781297569696464,-0.19978223829847397,0.2007939632293479,0.7583330250002696,-0.1518061390253605,-0.33590363280732904,-0.12719276701203963,-0.7895818475697018,-0.268640749455756,0.3448869137467714,-0.2317732699219097,-0.5110210219695894,0.024237777523541844,0.6177544105315,0.8383047579261078,0.14532933201165554,-0.43300689238548795,1.0312964652687824,-0.46421787276970283,-0.9087754430034027,0.4532316639156653,0.4454236526103723,"
"5,7:-0.3098258710477544,0.8855769191690133,0.9332927128854631,1.02813164829849,-0.698833722810531,-0.5617256114866975,0.6324479265636549,-0.5690950885211989,-0.14605772646110285,-0.02046282280064804,-0.061160252899925986,-0.34499438874308663,0.25240456665901645,-0.38998858775825895,0.034377102330537285,-0.6880819020956768,0.8608901996104894,0.3460656402205544,-0.16930110283233912,0.13473481853751865,0.9001239324227293,-0.8354792833235842,0.0057054069643362945,-0.9767156495714964,-0.557207260547693,-0.8646897605645552,0.17604862322410939,1.018318884367895,0.6842651672363409,-0.8006669499304977,-0.8406362344009459,0.15509375743724496,-0.8413800991724716,-0.6099740190936831,-0.7330862707119252,0.3841866714462161,-0.09871084785629844,-0.29904937138723464,0.45271014743560745,0.4394208580940482,-0.7787373374424671,0.8199523999757645,0.41706361971226813,-0.6467284646201501,-0.41806196174362964,0.2452175734240221,-0.1850912671007473,0.0591503598540286,0.896345731445698,-0.8821823524754289,-0.2558624617225189,0.7694786034040326,-0.6163850583165817,-0.6249022078270694,0.35256754167198345,0.11647587535493442,0.7091897848754916,-0.20646940288475246,-0.7479396407959242,0.257105344181395,0.9454443518419913,1.0144222643640932,0.9666973793441924,0.9066339226878803,-0.14801438834504999,"
"5,8:-1.0128757827356338,-0.23918957935631058,-0.795220356636388,0.3220756396436967,0.10416873982735045,0.11805466985722618,0.7904358875359165,0.10524242211860715,0.3510121492352407,-0.031397044975282284,-0.3405238202200467,0.3162920595024501,0.11583618196228049,-0.16206943045486788,-0.6128399727296334,-0.3764265893887826,-0.8678783697140222,-0.9104496167030922,0.5861750040096352,0.3164882128041334,0.5064765331531056,-0.6725512339655467,-0.6346331735593264,-0.49611950136236893,0.004464419642381978,0.6498633701753367,-0.025276066233390584,-0.4329220653499699,-0.3840542386279995,0.3904347005370794,-0.9728007377929637,0.3240012076927168,0.5827092098574485,-0.04434625648367252,-0.2385325391403723,-0.06810459239838759,0.044937674357817495,0.10691845288223434,0.8277310656341581,0.07187972416613342,-0.1406830128881673,0.3794030110128097,0.5452051401618991,-1.513347954616061,-0.21963767372220494,-0.6976660168808804,-0.11107452383144573,0.44532494142308043,-0.9721970129701993,-0.6198419905246499,0.8190410675684041,-0.7974886010677369,-0.4453688229440993,0.9894771627514014,0.041766636444577065,0.4504179735895031,0.6146864264429888,-0.189483012247317,0.1676879389158194,0.8068447916518855,0.26341275152517607,-0.9617147552684315,-0.12787353253168762,0.32663161321848877,0.42269182158924745,"
"5,9:0.5314677032614539,-0.6322125690464215,-0.050769780602073725,1.1084199006052968,0.0884995943287468,-0.14407069456504074,0.20272409325588753,-0.2722366138967136,0.9901409672894548,-0.36319030401355734,-0.9112433889025662,-0.8182079012616894,0.7282754475850701,-0.7728229640792803,-0.5605302106053345,-0.17554426185889405,0.4415418895943173,0.41009453084096736,0.3746965964681017,-0.7593651516407314,-0.20820006167107177,-0.5656031274056432,-0.9127105234442376,-1.0797374558946142,-0.04467966478785135,-0.8244031819388511,0.776609802250223,0.32027895508243986,-0.06301853989438949,0.19107468010222367,-0.3051578055603219,0.5694469094590984,0.6726450046664518,-0.21210198977590777,-0.3340608173437829,0.2608217294786721,-0.5817267717797783,0.11563600317307979,-0.257358082968165,0.3149345033445874,-0.881758198874377,-0.9789525079226373,0.14316328462286498,0.2575133112582634,0.5136924244221885,0.46653768669533524,0.23176082768621778,-0.75916684701042,0.6206598675192498,0.2857948016273193,0.5525664320299504,0.27554991841516163,0.3570989368156401,0.01003187628401854,0.4776820519436302,-0.43785931562109326,0.2938278794112936,0.12677652997893363,0.8266895655576623,0.13383690422247996,0.5507946155889867,0.43016589503770475,-0.17463538171548051,-0.43579616379742947,-0.3190371707490318,"
"6,6:0.0,0.0,0.0,0.0,0.0,0.0,0.0,0.0,0.0,0.0,0.0,0.0,0.0,0.0,0.0,0.0,0.0,0.0,0.0,0.0,0.0,0.0,0.0,0.0,0.0,0.0,0.0,0.0,0.0,0.0,0.0,0.0,0.0,0.0,0.0,0.0,0.0,0.0,0.0,0.0,0.0,0.0,0.0,0.0,0.0,0.0,0.0,0.0,0.0,0.0,0.0,0.0,0.0,0.0,0.0,0.0,0.0,0.0,0.0,0.0,0.0,0.0,0.0,0.0,0.0,"
"6,7:-0.39478047819368145,-0.971475309078055,0.6762841547920351,0.38350695283984515,-0.7934202885030974,0.2995822621763601,0.48649051529725473,-0.7121064847296288,-0.9972769213326154,0.3755142267475078,0.5351960097333259,0.39481874783857474,0.47766370474259023,0.036599752586374656,-0.768761645297634,-0.38513788196091114,-0.14631679734783645,-0.7265807073975528,0.8193186111536888,-0.2828935707898128,1.0706394102218753,-0.4147518671978496,-0.9924587982022317,0.44186525838096613,-0.3020795946135224,-0.8278819056562507,0.9831068188315597,0.9920500109882073,-0.6958742414756205,0.14746224180656073,-0.8945628616057633,-0.5794018568193193,0.4410745222118484,-0.2626023126616033,-0.828226537305867,1.1007766238633563,-0.6472474480768411,0.18634234018321397,-0.6954403248550531,0.40406314808183086,-0.7136714218960314,0.7848016605173429,-0.007316795458203667,-0.19729974414607956,-0.1406148338812751,-0.7821969571139273,-0.11608503781019375,-0.6070934520876985,-0.6749762108550423,0.6095952783912206,0.3896538546564374,-0.5678793280992003,1.07452140243611,-0.6721288406679549,-0.15065240282589495,0.7355447587397801,-0.05427054025473699,0.876912248211611,-0.8392728678860626,-1.1623569709729862,0.6944240457798672,0.21969586666760677,1.299257142396386,-0.7348564211242294,0.8953288312503072,"
"6,8:0.738143710633592,0.1039717293391107,0.8454817377099435,-0.7684488586182847,0.4883332189996137,0.539128483569981,-0.8094878645423167,0.6536842695987108,-0.676366423640097,-0.3081186001196954,-0.31428936255095286,-0.6711532441158223,-0.6106326693434092,-0.7185622305759147,-0.20802561682258225,0.1754441142658954,0.3177416564886364,0.31492972294785937,-0.29947849764226664,0.913454250696085,0.41743120484613505,-0.09850274165610118,-0.320719110033864,-0.22744654142719747,0.7103376212600254,0.3048450832575105,-0.3364456098252393,-0.4365845558891035,-0.8833105287310812,-0.3501992930324025,0.12262305584907475,-0.9449682352611755,0.4587881438950683,0.4801676836357027,-0.03263864121447489,0.9949171387807529,0.19134545271196166,-0.984567358159185,0.041812097448733876,-0.206420699363382,0.18249944465769796,-0.5673487204382845,-0.48593327907809747,-0.4543517132709163,0.2062351371060382,0.07110319374987516,0.310686002332734,1.0195755251453116,0.5680783815947756,0.2810720342488515,-0.5157139981190622,0.44182981983764247,0.13157063898267102,0.43037179113098545,0.33980623434173163,0.9420310663330762,-0.34082600983876454,0.11900743675932923,0.56536610037879,-0.4295199843405535,0.12989556290280335,-0.610378384305962,0.08650720037856353,-0.23094308889611306,0.6110620668416922,"
"6,9:-0.11885295899479864,-0.06399048226519599,-0.09752234998909137,0.4073146292751739,-0.27265246448705227,0.6373603044975105,0.583412256824346,-0.6959642430417134,0.8686982512519996,-0.647655574654777,0.8299852548516737,0.03306046687481465,0.17332008927343,0.10011630012943093,-1.0023059673822103,-0.8123359883808197,0.6184491354948503,-0.6914959534109861,-0.7982042091121035,0.6034597387645997,0.09618801341272312,-1.0458132022938393,0.2587308074402519,-0.40801911110136535,-0.5879489696122413,0.9727768698055861,-0.753836004574977,0.6503609545872961,0.3480813941038401,-0.819270869741737,-1.1372571441708748,0.5396677877205063,-0.9179166487705144,-0.9956090848328678,0.8886860874348428,1.1000869852972375,-0.4192210956056599,0.27739553855764787,0.07283164978205828,0.5832916342395753,0.3834632961809077,-0.9700057871646977,0.6367897013104884,0.5569744395839733,-0.15199964091399554,-0.5031894345452423,-0.6736391096163648,-0.36833893551094365,-0.33523754411407247,0.07289410427733434,-0.22360356512688062,0.4195622177024414,-0.5116117884218101,0.04183787430158522,-0.26420841232184156,-0.7926365706263885,-0.04800655019549141,0.7241177476487659,-0.10167982049500646,-0.32050754005554094,0.5997398660111706,-0.08929987220952527,0.7505336153304631,0.641544472061123,0.3674285557264094,"
"7,7:0.0,0.0,0.0,0.0,0.0,0.0,0.0,0.0,0.0,0.0,0.0,0.0,0.0,0.0,0.0,0.0,0.0,0.0,0.0,0.0,0.0,0.0,0.0,0.0,0.0,0.0,0.0,0.0,0.0,0.0,0.0,0.0,0.0,0.0,0.0,0.0,0.0,0.0,0.0,0.0,0.0,0.0,0.0,0.0,0.0,0.0,0.0,0.0,0.0,0.0,0.0,0.0,0.0,0.0,0.0,0.0,0.0,0.0,0.0,0.0,0.0,0.0,0.0,0.0,0.0,"
"7,8:0.3563565434259821,0.1139627686064748,-0.6228147631093994,0.09105340075212179,1.0790134848266804,-0.6426231702816287,0.3639944724280172,0.7560133196637456,-0.6661433027170507,-0.4641294854169662,0.06435083942719125,-0.17305063367840462,-0.38020005056671713,-0.26493684818140606,0.012601829442891059,-0.4060629023102089,-0.8286813785057716,-0.963286784736729,-0.7545989396290285,0.46503106008805073,-0.46346049816453316,0.5665632230703268,0.33023777183510505,0.7479236212302784,-0.7871321164030596,-0.525751232179654,-0.750177613086999,-0.9632542528868044,-0.4916748585853642,-0.007380504485648077,0.9351338682876664,0.613803552275767,-0.24184065438867308,-0.3901646265708032,0.5755739709393135,0.5803092741791722,-0.6678176008496746,0.1321184286187262,0.594815625169717,0.26293183689927513,-0.6973216798603286,-0.40994572298316867,0.38157197023655587,-0.7697431406952531,-0.09838293981198722,-0.35314564655655056,0.21765382814678613,-0.3969875655046382,-0.8127001050950928,0.34300533826246715,-0.36067614220299316,0.024182131252495652,0.3324521922147846,-0.09975272577615331,-0.7199031886240012,0.39989244136330426,0.11216996892660891,-0.2591619943242327,-0.5062257226699434,0.32122736524691764,0.04701844379837636,-0.712422578655208,-1.2863542274396074,0.21488888640513126,-0.03803020735436946,"
"7,9:0.8760798557994973,-0.43657468796235377,0.6468870341089581,0.21575893188895706,0.663298989698277,0.2516359450405009,0.18020975562516645,0.8796270336544421,0.3113259101147865,0.28179398155711777,0.006687367707131355,-0.7666882859362951,-0.04500488356276545,0.6258855216799462,-0.6089671936760945,-0.5384645267311883,0.7198504893639623,0.9222687761465382,-0.4806955577379255,-0.90186756868775,-0.9844625589110365,0.4012757526708082,0.2928034147484877,-0.7126540169311393,0.4147045049447571,-0.8775715844550274,-0.9543168205196628,0.16671929737915275,-0.2889881896972679,0.5023237692887956,0.11631533101698227,-0.32060856201190213,-0.08413926314760034,0.8238846862862557,0.11471997076933686,0.2915034525951793,-0.504026455299289,-0.1841885783864597,-0.020864131799198004,0.7428077829447854,0.35696908885256007,-0.7842873209908121,0.04807096378257646,0.7854665750914738,0.0675937854033414,1.239532024970751,-0.14406186721623174,-0.2845860755045929,0.9652852793324871,-0.4064701525909715,-0.15535078171462735,0.052548484206331486,-0.6477396474005535,-0.6347821588244464,-0.6376967908098647,-0.38358714178031394,-0.031665741841263126,-0.4517125363070451,0.9353725152704504,-0.15509246205050037,0.32819515527282395,-0.34428916991632463,-0.9614453477196507,-0.7930231923749496,0.5308719719016037,"
"8,8:0.0,0.0,0.0,0.0,0.0,0.0,0.0,0.0,0.0,0.0,0.0,0.0,0.0,0.0,0.0,0.0,0.0,0.0,0.0,0.0,0.0,0.0,0.0,0.0,0.0,0.0,0.0,0.0,0.0,0.0,0.0,0.0,0.0,0.0,0.0,0.0,0.0,0.0,0.0,0.0,0.0,0.0,0.0,0.0,0.0,0.0,0.0,0.0,0.0,0.0,0.0,0.0,0.0,0.0,0.0,0.0,0.0,0.0,0.0,0.0,0.0,0.0,0.0,0.0,0.0,"
"8,9:0.3808362647133885,0.844724862400881,-0.3939040516138952,-0.3763495331314488,0.5684389461868362,-0.24381249984772452,-0.46222167665600433,-0.7142928597163221,0.2823291036826354,-0.5523061775635763,0.033212593287714885,-0.02975298501843253,-0.2987394097351743,0.053454563478026115,0.40053046113895063,0.307946144672004,-0.18347719602590207,0.8546463947963676,0.5810958800463089,-1.1169838448527203,0.5647398931619636,-0.04332751316381489,-0.47940202741306215,0.6302230341979702,-0.2519577167667608,0.038705979246282496,0.38361919549518,0.22670849567147403,-0.24908510964253086,-0.1621899746548321,-0.07025735814020917,-0.04352244339069296,0.5006687419722091,-0.9678075186904789,-0.33284857687326475,-0.2580681752754359,0.0986216071241389,0.9869211363656503,-0.02793540183590583,0.059843472758064245,0.037715148784089436,0.15668878874546155,0.4092447782291617,1.2486805129223593,1.1314362470553094,0.1019850166534165,-0.8397975756677765,-0.5817902510954364,0.9525506226355629,0.2712954253755875,0.3156131129841695,0.40481907870561773,0.5082978630045802,-0.339283793728796,0.49285482990180496,-0.9309830099506793,0.18933722749603388,0.5156364178843031,-0.29153778810911346,-0.08691780595130394,-0.3371254772178698,-0.5270932444695633,0.4806858896111086,0.532851991594997,-0.613959145732192,"
"9,9:0.0,0.0,0.0,0.0,0.0,0.0,0.0,0.0,0.0,0.0,0.0,0.0,0.0,0.0,0.0,0.0,0.0,0.0,0.0,0.0,0.0,0.0,0.0,0.0,0.0,0.0,0.0,0.0,0.0,0.0,0.0,0.0,0.0,0.0,0.0,0.0,0.0,0.0,0.0,0.0,0.0,0.0,0.0,0.0,0.0,0.0,0.0,0.0,0.0,0.0,0.0,0.0,0.0,0.0,0.0,0.0,0.0,0.0,0.0,0.0,0.0,0.0,0.0,0.0,0.0,"
